"d1","d2","d3","d4","d5","d6","d7","d8","d9","d10","d11","d12","d13","d14","d15","d16","d17","d18","d19","d20","d21","d22","d23","d24","d25","meeting","selic.var","selic.next.var"
262.89788221,789.2687702,-262.1735464,-910.524815039999,317.95029737,479.122770129999,2379.6236778,-171.01370762,-831.706182729999,33.06023174,-350.4783472,362.4466597,-10828.54279,-212.49572313,6.11108300000004,464.36055852,421.197973560001,-966.318566600001,-372.1497165,-870.266571429999,-347.049906156,-39.3791171992003,378.033077880601,-28.73583628,-781.846445,43,0,0
129.457764,274.73713259,-73.8691120000001,-59.327487,255.228298,-197.7060301,316.2164417,153.607317,60.43681,-39.873288,-38.267146,-171.3842225,-2192.6512,121.936463,201.644129,104.1932056,12.6621159,-74.09983326,64.44849167,-243.8364647,-19.6991398,-141.0136595,-84.2382365,-61.6881904,-412.1045505,44,0,-0.5
222.700565462001,903.151267900001,-299.7097246,-1081.65498713,443.0820385,509.036384050001,2686.1508504,-410.56303764,-827.18982906,-52.5224408300001,-247.4347234,449.7587295,-12154.93664,-184.99788644,70.5907296,508.672623829999,537.10664608,-1040.8549873,-222.2021564,-937.35079871,-536.226173186,-151.29300508,357.2317549653,-114.45815718,-967.628579,45,-0.5,0
195.784506986,807.603587100001,-335.9263186,-1151.26185713,472.38972743,525.120148310001,2642.9735862,-438.3679854,-895.18555983,-41.05767114,-223.11173465,462.6525065,-12140.95171,-275.95713209,29.4311789000002,476.771494520001,546.21516608,-1061.68192872,-212.6960696,-914.86727312,-477.086500092001,-132.72731188,291.5258822053,-192.69730608,-1063.5939738,46,0,0
196.844638676,815.140085899999,-390.2852115,-1063.43325146,505.2201674,514.4720244,2499.5784862,-465.6762556,-868.4247013,-7.64369744000031,-236.27880555,458.4048027,-11702.07182,-266.40127564,-66.3259667999997,494.015431220001,571.121296340001,-1059.80728179,-208.846779680001,-922.34160662,-409.474779056,-89.5197136700004,343.421881821,-167.3538977,-1044.7555459,47,0,-1
258.240066836,993.191171960001,-432.4018691,-1272.05348702,598.3455938,695.6367893,3130.4453568,-674.5481822,-1035.22034729,-85.3510831400003,-252.2561257,609.124299699999,-14437.22577,-291.899849910001,43.3420920000002,625.057433720001,721.677412960001,-1222.6492136,-272.5866033,-1101.72723768,-602.658472792,-209.89887984,423.258565590999,-182.92020818,-1211.68050937,48,-1,-1
188.8984004,343.43213959,-115.210241,-79.7227514,287.252374,-240.0915673,386.0038232,147.91704,31.440804,-101.400374,-42.3183168,-279.2978195,-2797.05214,154.610817,287.678966,105.7379126,-25.359345,-93.02106612,174.93688185,-311.4585935,18.525656,-183.887185,-132.868991,-173.032599,-519.5180243,49,-1,0
308.47403524,910.54473499,-478.4481628,-1228.54361987,672.4223809,633.518723059999,2797.10115709,-650.622566860001,-900.74280408,-8.60803653000008,-220.2021456,492.3699589,-13174.75399,-296.61898526,4.61001380000005,614.0675681,600.17386236,-1150.83628292,-154.7030734,-1061.06574166,-552.335980896,-197.9270614092,311.03818812,-216.55167728,-1242.1440316,50,0,0
272.70742679,891.83418781,-322.4549932,-1167.11061773,502.7177564,518.575365419999,2705.65518669,-450.9203562,-826.210269349999,-44.6056174300001,-213.93776855,553.6301808,-12457.20789,-229.00106858,6.81892870000004,568.55720009,532.18357096,-974.320346500001,-221.521662700001,-965.055553779999,-538.232446143999,-143.92592274,359.7511074,-149.00296486,-1025.0970535,51,0,0
250.83210201,815.176575810001,-335.6667114,-1035.86792754,429.8278876,473.774947269999,2638.1737134,-566.6895334,-772.77067329,-9.31757790000018,-221.730332699999,536.7826808,-12093.45775,-266.19839629,41.9694603000002,548.5629316,617.39479592,-984.87918392,-201.604717100001,-965.136289050001,-405.291065768,-123.64114155,333.085372504,-164.70480678,-1052.4676666,52,0,0
216.73147469,997.858153799999,-401.6923375,-1163.60544291,579.5889718,599.18800033,2922.452676,-616.8206517,-836.77168943,-71.6260650200002,-231.8603157,609.1066247,-13837.14318,-244.20410029,61.1059272000002,586.9742832,633.05247706,-1118.36135416,-210.546857300001,-1018.31020676,-578.358826228001,-171.22178491,397.940281081,-262.18040358,-1169.1747547,53,0,-0.75
143.527716912,761.764856800001,-409.5797402,-967.180916559999,478.01623603,466.51569151,2374.5378091,-746.155380299999,-752.83216057,-165.42206023,-230.73180045,546.0844631,-11307.97609,-101.88254564,34.3545884000002,446.676819374,480.65817795,-852.4741393,-36.31236132,-879.97600399,-461.576528464,-90.8667019,313.405108007301,-260.4943312,-1004.31568487,54,-0.75,-0.5
204.42655346,782.793525799999,-414.710694,-984.617463522998,469.783580699999,519.7872844,2341.3703666,-701.2904863,-663.6806751,-89.0406210400003,-218.5798813,558.2195317,-11186.24952,-106.21496794,68.6211924000002,426.94469766,494.154110707,-851.2582625,-80.4734416299991,-905.950843532999,-531.511056264,-107.83352031,258.046822640001,-268.14593098,-992.832440414,55,-0.5,0.5
171.585528518,803.29421783,-478.9850701,-1005.40233303,548.3366619,521.06829253,2348.66987,-621.09641852,-675.213285240001,-137.85278472,-193.4545114,505.953199399999,-11527.28376,-23.3926728699998,94.0567313000001,465.0485933,551.86542078,-827.276143400001,-93.929735909999,-918.109495349999,-501.507013264,-218.06896945,257.145362810601,-204.28518708,-1027.7691717,56,0.5,0
172.4727378,529.09296074,-417.0858462,-872.408295669999,568.1604464,609.310373473999,1979.8566381,-604.4187294,-750.150460659999,-98.8547491100002,-167.7617652,360.2138746,-9714.66648999999,-214.41080617,33.8558018000001,482.8545989,508.936672720001,-751.377408900001,9.73657549999983,-761.34822448,-354.642906064,-136.89842995,191.288800282,-162.66900698,-935.10901037,57,0,0.5
114.525556836,861.69089467,-623.716554199999,-1357.0656438019,691.535954700001,679.985180950001,2999.1664884,-1036.6181101,-899.335039419999,-215.73730292,-253.93880594,684.157008899999,-14211.33584,-202.186000769999,107.7544822,593.82147631,546.84098806,-1069.61142384,118.3266387,-1105.93921148,-621.959787764,-193.152009810001,203.701420951001,-417.38983388,-1325.7582744,58,0.5,0.5
164.699187632001,954.798025989999,-765.2937391,-1498.05651484,799.892757799999,773.372008390001,3322.0815122,-1124.59618702,-1011.14967446,-221.42445924,-227.739338300001,732.5439262,-16207.06242,-294.37365514,143.6733789,705.739312399999,694.995739020001,-1246.42699792,14.9589565000009,-1157.75190959,-698.128634052,-266.28557447,343.552992502,-383.04646998,-1553.2164389,59,0.5,1.5
178.905831668001,1154.78885791,-778.857893699997,-1621.757963136,767.524379300002,913.642846864002,3822.48459939999,-1398.56621482,-1186.59911208,-199.95129305,-386.1772207,817.2354465,-17979.79763,-248.551682789999,82.7314483999996,797.158561639999,799.540926219999,-1470.95594904,62.1180166900009,-1436.45623709,-708.762691828,-161.547570170001,330.247157621,-402.528347380001,-1717.5281016,60,1.5,0.75
265.870359076001,983.448580420001,-769.3675827,-1424.726253823,784.557964900002,724.571705060001,3112.94731369999,-1063.6561253,-989.644096900002,-181.47441153,-357.813246778001,620.6631521,-15274.94004,-198.74137636,63.0293690999996,707.404735999998,643.04629932,-1217.08509588,-56.7999289700004,-1250.0937605,-602.737870572001,-243.527764520001,231.35906158,-349.10966468,-1537.6060876,61,0.75,0
173.83089953,1054.600442012,-854.6504085,-1574.17850168,727.440761,886.489819859999,3557.6727954,-1355.0089411,-1244.47271415,-171.79441343,-503.623169448,831.87499707,-17081.16867,-220.46693807,-13.4420607999997,846.786421799999,662.40106236,-1362.21451614,-118.959385499999,-1490.79690828,-565.201394047999,-182.77636618,345.99559672,-306.75382258,-1651.23790927,62,0,0
73.7932168480003,916.13005903,-681.090187200001,-1398.59566558,556.0664622,816.429695130001,3463.30899664,-1217.5841674,-1023.27169783,-204.86953964,-444.7804444,714.670690699998,-16319.47822,-213.91000944,23.1656333,777.066225309999,618.299919359999,-1311.95696594,20.7588511000011,-1296.95714909,-563.737307484,-82.2018910800002,350.183099267299,-380.85566458,-1548.8999347,63,0,0
128.849761656,1279.89824605,-678.734057,-1623.1565485,591.6216833,888.26303793,3863.23344769999,-1233.6265184,-1201.78705383,-169.67498505,-536.463062550001,876.368780000001,-18816.374072,-161.129274399999,18.8186637,827.563310333999,768.92288155,-1481.53637446,-160.2944743,-1596.92415057,-714.569787331999,-197.15404758,406.354124320002,-307.4128521,-1564.976823,64,0,0
114.760641878,1009.97444171,-673.3821722,-1451.54789928,494.8061794,826.14740433,3667.9569598,-1281.0797002,-1220.41571816,-235.39747735,-632.2166643,909.387175900001,-17009.98226,-215.322279060001,16.6450224999993,771.863352109999,669.239810099999,-1359.291776,-53.3054386000001,-1353.04594209,-515.33663755,-0.190534370000141,331.3608605663,-285.5286905,-1563.8590766,65,0,0
153.673436916001,1094.328319062,-885.0444021,-1788.497816273,733.6869479,1063.84768879,4037.36187158999,-1584.3625688,-1467.41429233,-273.76076923,-608.802979849999,966.378680699999,-19252.449863,-305.56800642,65.5851331000001,867.044044197999,734.251230880001,-1548.7510483,58.8368550100005,-1609.79860818,-637.145047680001,-36.1793571999994,409.00951042,-415.75653928,-1923.2034868,66,0,0
93.2562754560003,1115.82763202,-804.5973345,-1596.08675821,736.837592099999,969.563289130002,3852.0185575,-1258.374036,-1245.13204715,-210.32738082,-568.03092135,867.1559665,-18088.99722,-288.31968767,90.5517098999998,892.845961953999,712.04763728,-1425.35765812,-101.19445909,-1547.71930999,-642.255628622,-116.39787056,453.044303920002,-297.75586388,-1685.66972527,67,0,-0.25
75.5424054300002,1081.71079718,-779.2468317,-1614.46750269,671.213850229999,924.97063232,3955.2963817,-1457.558861,-1364.41488899,-317.72593222,-574.25220345,934.667098999999,-18023.76552,-195.11879026,145.6762455,910.810155809999,710.412510659999,-1386.5307843,61.9863621399997,-1569.39394647,-572.033265050001,-125.06947266,342.090119701,-344.18562658,-1732.4597116,68,-0.25,-0.25
165.600656040001,1118.12447378,-727.0636571,-1766.77545055,684.625346900002,969.94429446,4095.74919793999,-1298.2409596,-1382.93573297,-304.01068482,-604.162819550001,858.535823299999,-19320.27303,-233.85854476,186.4106584,907.18422792,708.99205196,-1506.5162553,-92.9476846799997,-1651.93276228999,-616.891439224001,-118.71719282,496.00645444,-403.999461879999,-1783.5510247,69,-0.25,0
77.9356596600002,1147.12847227,-893.8210692,-1821.54985755,723.0276278,1077.38304569,4377.97967239999,-1412.55940562,-1353.62909267,-278.35678765,-598.9323753,1039.877021,-20320.15312,-261.63842247,122.4227448,973.850332109999,740.253928979999,-1627.38575842,-79.3323774000005,-1764.23957009,-691.309236150001,-99.3962563900001,466.128285771599,-416.84815008,-1853.66210672,70,0,0
81.1524718940001,1230.21729118,-942.625649099999,-1944.780174676,758.517792600002,1281.96879725,4738.7017906,-1661.6464063,-1440.50141434,-266.98396535,-641.498445550001,1048.3839679,-22219.24385,-330.38969488,119.8988789,1010.25715571,936.40716652,-1832.16011642,-48.6833858999996,-1730.090850733,-796.279076600001,-180.875345740001,474.4632603053,-442.49210758,-2009.7582054,71,0,0
209.745161998001,1359.22247427,-1022.1494583,-2129.37064486001,782.6340647,1420.91703648,5092.791749,-1569.516328,-1700.38375038,-274.21872185,-769.521819650001,1100.8521774,-23574.7347630001,-338.6197921,3.70760589999978,1054.51098469,846.85143602,-2106.99297092,-109.200861099999,-1872.91290068,-898.691917559999,-176.96257125,554.451061000001,-447.245568379999,-2078.6088815,72,0,-0.5
321.250861632,1213.66403979,-911.829128,-1827.18114652,725.009241999999,1228.70388293,4397.49916239999,-1543.5944897,-1445.60377827,-304.40014063,-769.204443600001,1000.2089509,-20559.577473,-197.372408859999,39.5956135999995,959.29597721,638.786932219999,-1700.23296352,-9.16501359999954,-1777.50429165,-736.421690280001,-118.19902315,474.301718760002,-319.55549908,-1853.0103948,73,-0.5,0
324.838243214002,1238.72651499,-952.948902800001,-1829.90924988,772.585491500001,1226.94608629,4301.58606384,-1459.88800142,-1345.471976,-261.37294342,-698.62780115,947.158646200001,-20665.85269,-288.241085989999,69.6650919999995,1019.48381461,709.917064960002,-1646.98828771,-11.1642605999987,-1739.86353308,-725.729881264,-214.41101433,495.112123840002,-362.075526580001,-1800.7950723,74,0,0
184.875131168,965.194930409999,-757.995083800001,-1491.04828926,553.09680138,998.125704660002,3597.9854211,-1191.77300012,-1188.8126712,-224.03509874,-686.226640028002,801.885355000001,-17128.67043,-234.49711847,-34.0583946000002,755.59237711,505.43483066,-1430.11163132,-25.3896977999995,-1439.2266343,-508.239367204,-39.0783851399995,411.139051926901,-277.989592395,-1575.3806859,75,0,3
25.5891597,209.6873981,-101.9311928,-273.49721,48.1486444,174.376351,817.486522,-326.1947808,-313.7477638,-41.17249472,-171.6430097,224.677626,-3487.50458,-59.1969252000002,35.2462035,192.553804,109.81105916,-297.1650775,23.2667901999998,-299.32863159,-66.0511242,-18.01129214,72.4152971600002,-41.0761505,-270.9836392,76,3,0
227.412357852,1082.5193287,-820.846791699999,-1683.58993097,648.1414,1030.07674619,4057.70019269,-1453.7880607,-1310.86836671,-330.72076931,-745.249411999999,900.6983095,-19305.85604,-295.56057006,-26.5307815999995,891.073891489998,575.38213952,-1535.7336297,46.3928054899997,-1526.96238558,-587.166484800001,-139.09063198,440.583954169999,-354.40685208,-1829.7061459,77,0,1
123.909639768001,1108.1595506,-674.6789811,-1435.55629066,479.56896038,925.993714480002,3742.9884696,-1280.70971578,-1130.32640379,-257.16693764,-582.324256478,925.882953224,-17793.315836,-138.98032728,51.4983171999995,776.418763849997,562.994303640001,-1412.6958605,-55.8943574100003,-1455.66374622,-620.762778238,-118.67739969,552.2226221906,-321.18666158,-1531.17977978,78,1,3
169.699254198,1051.8014671,-609.1180627,-1394.21248056,446.5059096,825.52074958,3550.8497168,-1268.68739774,-1082.75746083,-196.37994984,-542.853041600001,870.906804424001,-16622.2339971,-162.67236269,95.4051370999999,704.14218319,580.829503760001,-1362.6765674,-78.4074784999997,-1403.75750428,-609.686623704001,-23.9520537000003,494.269193479999,-337.91283928,-1418.5016363,79,3,0.5
90.4925320059999,717.91100769,-513.199859900001,-1082.29675969,521.75627,650.700666660001,2647.4443118,-1064.76790482,-836.44710107,-212.39756463,-368.274309628001,630.37447267,-12241.2140471,-140.202715129999,114.2372205,489.60249888,520.75050318,-990.585646119998,39.1984069999997,-1003.37188758,-449.6439117,14.9733953800001,299.18751234,-172.31191888,-1146.9702977,80,0.5,1
160.842359076,738.833316790001,-544.012196366,-1090.32551267,522.529261999999,594.970967830001,2614.4248069,-1106.2406313,-819.785423659999,-273.09840624,-402.13431905,553.8688504,-12357.500263,-41.53976668,205.5609142,561.91835986,485.1770983,-924.188718940002,184.7817394,-1055.51135089,-440.429286264,-8.15598011000028,227.62451738,-247.734392699999,-1237.901042,81,1,0
172.768579646001,749.308460969999,-501.01356788,-1170.14173004,573.576093,615.50794683,2623.7839174,-981.54564592,-865.74454114,-236.74471783,-332.891665928,569.8456974,-12362.36481,-94.7125697099997,122.6150269,483.89322688,401.29228498,-961.15467212,133.3612872,-920.355121579999,-463.545896744,-60.3748967600002,311.54826664,-295.79710378,-1175.177632,82,0,0
128.90800075,684.91194667,-517.772951498,-1013.8025242,417.3081975,497.76191493,2235.1221561,-725.05097272,-683.957394399999,-170.73451152,-234.50015402,412.1238053,-10911.8228571,-39.6021479299994,73.0076018,446.84244758,367.512226860001,-819.181395950001,10.6441347999995,-793.89552159,-449.954993832,-95.8539173600001,270.718291000001,-243.82057508,-988.70677185,83,0,0
167.853342368,667.507222470001,-577.8670599,-1148.102462,485.211544800001,664.07714265,2459.6064983,-964.150759700001,-718.338610699999,-79.6049409299998,-380.96720794,489.2182224,-11969.41468,-174.21029944,70.4302303999999,491.20767045,461.706465320001,-1001.53905874,25.7854223199991,-848.06647019,-464.329264484,-30.7231506600003,320.67200126,-164.02219668,-1134.1188352,84,0,-0.5
218.488346036,946.730756869999,-682.046224599999,-1374.43693076,576.149758699999,842.806231989999,3100.7252572,-1136.81649402,-955.727893419999,-103.43295193,-416.918217000001,711.260390599997,-14834.2484,-166.09282564,102.7294606,634.33305389,583.61813936,-1261.5376889,-58.6089457599992,-1110.62932548,-644.3565594,-88.4109587800001,427.87468198,-179.37389148,-1323.1357505,85,-0.5,-1.5
219.273042712,1053.91993359,-719.759671632,-1612.00321562,746.22344955,984.792393959999,3646.4521177,-1262.7783352,-1230.75144886,-138.33202218,-469.160077978,810.016561799999,-17174.89436,-274.868343509999,81.0484218000002,792.95502609,665.90141506,-1436.4774643,-136.9427106,-1410.50977239,-666.484604863999,-114.8209577,543.29632474,-239.39215908,-1600.7212133,86,-1.5,-2.5
320.65396655,943.61880301,-630.561663932,-1537.03793931,794.278910800001,821.07966133,3250.434297,-1180.7589472,-1005.39980057,-62.9916303800002,-482.1613949,637.429797299999,-15664.075844,-289.25190664,65.9184516,684.866459390001,590.22675692,-1267.7248865,-69.1382793000001,-1246.23948358,-556.6522336,-126.342470420001,347.163951761,-319.89172588,-1446.60129667,87,-2.5,-2
353.163966940001,1065.37937479,-806.8688042,-1638.66901354,785.1168044,840.643092060001,3525.2598221,-1292.5150267,-1022.59292213,-104.52281534,-427.199438820001,763.33503061,-17407.47373,-210.8422434,-34.3788298000002,680.65341599,662.870443060001,-1318.037658,-67.8665355000005,-1333.78700238,-633.222745399999,-225.87321094,446.09384122,-301.32008928,-1619.751528,88,-2,-1
307.803393710001,968.713334959998,-670.727881,-1589.11134627,579.0416766,760.48822612,3214.3534262,-1126.4442467,-974.200804740001,-106.49920758,-471.523375700001,671.162273069998,-16147.4670191,-355.855438899999,-73.3793922000001,606.68757209,598.30662238,-1289.3083134,45.7641151999991,-1250.63983468,-476.97584343,-103.81941785,440.163821621,-203.15373208,-1492.41857591,89,-1,-1.5
207.757978556001,927.032099379999,-689.916795464,-1539.11706625,640.671918999999,794.133169479999,3405.4199809,-1263.3660437,-992.67762847,-177.175986733,-463.179991128,781.377079999999,-16811.99252,-268.225643429999,53.7072144000002,636.69740849,728.958632760001,-1257.3278486,-3.31037680000115,-1243.41722688,-558.584815404,34.1765181499995,444.066408841,-314.24147858,-1604.6267499,90,-1.5,-1
173.170758426,915.984934589999,-681.9305694,-1348.30787174,585.628707699999,620.00262406,3006.9950609,-1188.9806181,-981.100624589999,-201.60515322,-410.637465806,707.7416956,-14782.073874,-68.38394094,96.4095865999999,429.62490637,470.17905456,-1126.8380926,45.0328307999998,-1117.31535418,-525.216745748,20.9480387199996,302.899436660001,-412.05123578,-1488.0659406,91,-1,0
192.225088276,1024.08798143,-811.675713599999,-1513.62502709,687.10892481,806.91269643,3596.01551288,-1310.2449554,-1183.23208461,-201.39236307,-542.019638618,853.6697332,-17172.112311,-136.99010162,138.7877503,651.94803039,608.52933008,-1320.8812235,56.3975129100002,-1388.35221406,-592.520800064,82.6987087716001,349.963518180001,-326.9253664,-1628.60685497,92,0,0
103.60044283,865.56359961,-592.866559666,-1370.88336741,605.110691,747.614987959999,3293.0340788,-1036.4742174,-1137.1879343,-187.48372555,-529.434370077999,604.722071599999,-15265.405429,-112.59557403,166.8025402,607.486068589998,592.34962796,-1268.5213093,4.65110329999966,-1295.50909606,-418.851093688,95.6995312800002,314.20038636,-167.63579698,-1520.7631468,93,0,-0.25
191.326784128,974.423710490001,-769.822738265999,-1896.45296602,900.353585399999,986.058987100003,4374.89541350001,-1626.9143134,-1504.79572517,-330.84131007,-607.536685499999,896.3202662,-20057.587229,-165.795082430001,149.534025,859.025634509999,711.11612891,-1536.4221138,203.21679722,-1581.34378305,-604.030282670002,136.51154485,231.240933222,-458.66359178,-2052.2422685,94,-0.25,-0.25
176.828468938,799.40936701,-759.482133466,-1443.78167809,746.3605904,710.15503076,3212.95113729999,-1209.9716547,-1060.39593624,-201.52846396,-437.682404900001,616.784383600001,-15244.6555771,-157.23615911,70.6114691000002,618.74479984,526.95948716,-1201.47466276,55.9518394999988,-1155.90415274,-473.91728878,-2.47636026000008,236.262671521001,-240.58210368,-1532.6181139,95,-0.25,0
195.808344484001,940.308541009999,-827.449756666002,-1649.08544024,796.3897526,875.64638526,3863.4263057,-1313.2563589,-1191.62219486,-277.88112524,-505.53805122,723.365736599999,-18458.5406911,-254.069212749999,112.6054477,699.889889269999,677.64310396,-1439.8879077,9.69452473000026,-1310.36353423,-599.928489392002,13.41717929,307.953051840001,-359.60806968,-1691.5585503,96,0,0
231.49952761,777.74364136,-688.384459000001,-1329.88663253,616.43173596,772.719678119998,3200.85673734,-1193.4089852,-1025.59509058,-241.24194543,-456.741587876,591.447793999999,-14896.4804491,-200.4982579,107.6287679,621.348951480001,546.668814089999,-1247.89063594,60.3009777999993,-1112.87713634,-465.13470004,115.55705125,281.77583817,-256.37388698,-1503.6234967,97,0,0
272.06879482,849.343782989999,-769.784557200002,-1477.42086735,702.6977984,870.80678168,3555.6868924,-1295.796489,-1298.4291358,-204.08090643,-509.25496244,660.409865799998,-16477.79325,-198.78817462,41.6878950000002,679.857577320001,586.63834276,-1337.1496351,-24.7247121000004,-1335.34903735,-465.352456504,50.1306575499997,345.004756600001,-228.10731878,-1647.3781675,98,0,0
377.639690150001,946.923363029999,-807.589966266,-1649.49061986,843.226928879999,885.94142249,3792.3601754,-1376.9762891,-1346.05618488,-226.99856102,-496.25838776,726.834032100001,-17882.43888,-274.59000364,1.86726689999995,827.841513809998,677.797412920001,-1412.6016857,-78.6587882000004,-1449.42280714,-526.138550124,-23.3290018300002,349.2305457,-312.402661600001,-1844.1727777,99,0,0.25
402.163566526001,1270.4548854,-1065.552934298,-1985.93243838,1016.45437679,1114.72753839,4790.29331818999,-1943.4578615,-1598.58630827,-259.71023153,-628.401871010001,932.8842352,-22486.02224,-359.56031373,25.2671613999996,1043.44575208,905.825576780002,-1801.37791614,177.84747832,-1897.64692444,-682.391443795999,22.40390974,381.148588779999,-410.07477135,-2287.3940762,100,0.25,0.5
196.59745321,856.88494391,-833.841442166,-1566.18613842,736.944048979999,828.374150320001,3772.92978604,-1500.8712166,-1344.60391579,-227.05655123,-561.315869769998,764.3167979,-17705.56059,-313.23473314,-65.7956536,723.749712480001,762.52138448,-1445.4037647,57.9146935999986,-1429.40785995,-444.101659472,77.1508240324002,294.696039320001,-287.422095,-1807.0209202,101,0.5,0
209.867979366001,896.035323710001,-781.781064766001,-1407.14010112,677.576904959999,713.887585329999,3372.0349811,-1303.6859634,-1121.78152177,-196.08230842,-484.46429666,763.094587969998,-16378.731547,-158.328302619999,-33.2654249000004,623.268819299999,638.01974916,-1251.224114,38.7418228000002,-1313.44612577,-469.533432364,65.3790997607999,399.002528440001,-348.24218108,-1626.0005773,102,0,0.5
223.880544466,1117.25505881,-951.046985900001,-1660.35207317,811.32066496,890.78774351,4007.67931459999,-1534.5106758,-1439.15118687,-242.09986684,-551.750944568001,869.564669699999,-19298.646773,-189.36024247,105.6095608,737.065352180001,746.409386660002,-1504.1154063,38.3589145999992,-1501.83553605,-575.780719328,99.6340177307995,490.258379625301,-461.11967746,-1890.2252425,103,0.5,0.5
226.994873775999,1108.814947042,-800.145949900002,-1548.10512411,727.1438725,802.20370782,3702.0337134,-1418.9544097,-1270.48602191,-140.91047583,-571.922214148001,839.529716569999,-17555.243782,-157.530297899999,109.0056056,709.014472509999,685.35364331,-1384.36012431,65.9643648999994,-1426.248043026,-581.549592408001,117.70124094,441.54430302,-287.70268988,-1623.3043839,104,0.5,0.5
215.903640886,1224.47697299,-630.1237413,-1787.79271012,772.32392618,836.09763222,4210.3498008,-1410.7063142,-1379.87481927,-225.89676836,-597.050616210001,874.4156993,-19142.740407,-180.149912289999,171.5886499,838.506871529999,864.482548420002,-1535.7538698,86.2623359999999,-1529.40577172,-703.81474048,81.1524840307998,387.484487020001,-177.24660576,-1743.7739244,105,0.5,0.5
160.10544306,1058.66546838,-594.26436,-1588.79349393,683.148885800001,666.528981069999,3733.3758875,-1228.3671811,-1162.56897892,-226.81053514,-504.829599418,721.443373270001,-17271.800231,-131.5904895,124.8412838,728.91861446,704.291990840001,-1366.7601361,48.6234109999996,-1337.11693837,-603.710426516,60.47576963,342.351284760001,-274.25240436,-1569.259707,106,0.5,0.75
180.57041033,1154.66907547,-774.043693,-1704.92311998,804.436294700001,705.9824499,4108.2679947,-1530.1576881,-1140.68785974,-264.66360374,-451.577028979999,900.3847107,-19237.737294,-145.387237459999,92.2407290999996,807.179769279999,786.64886562,-1485.531672,104.660586899999,-1435.33450278,-782.480393903999,-55.2441826300001,354.098169540001,-353.14655726,-1776.95270924,107,0.75,0
200.888594466,1021.24555018,-763.5917806,-1687.11325537,766.7412931,900.41206911,3901.89607299999,-1412.3358194,-1067.20798061,-265.23351894,-506.25078859,843.515910199998,-18593.666822,-268.289486,104.1642653,760.89398851,706.416434779999,-1528.34976307,98.6494125999995,-1294.09819348,-772.232013948,-72.7096114700003,368.923834560001,-379.51429366,-1711.07439928,108,0,0.25
115.567458646,1018.97164669,-663.9262923,-1569.1595616,703.82286658,905.963386050002,3653.10176479999,-1259.5690835,-1059.62249193,-208.62991034,-456.36516274,736.250047,-17555.210763,-201.47538038,144.9743758,623.928062819999,725.39873904,-1418.1390678,-21.3666604999998,-1225.99630368,-717.154822568,-45.0010463400003,471.890931530601,-372.19755986,-1548.34057424,109,0.25,0
178.84838953,1069.52965724,-559.506086600001,-1543.67196438,627.806002899999,792.123604939999,3602.0601065,-1295.0596053,-1190.00608493,-153.8710086,-515.48356219,789.802084100001,-17091.901585,-150.13583609,99.9609804,655.601801179999,672.440806700001,-1411.1606128,-79.8229229000001,-1363.54683987,-669.263922136,-4.95924550999988,508.028055990599,-268.97956556,-1514.31900468,110,0,0
330.307822916,1204.18385598,-521.3170038,-1710.04752059,686.26493751,762.58266798,3862.6614027,-1334.8809244,-1222.91091736,-106.56258292,-553.621822799999,764.424559999999,-18294.8216921,-133.86886376,157.7760065,807.889592490001,723.583696420001,-1488.7923035,-67.4414174000007,-1414.52944964,-721.552277110001,-16.9214082600005,534.5222316353,-315.73286236,-1612.4702997,111,0,0
298.580384816,1257.79208298,-520.2704794,-1802.04424443,709.059184300001,797.40092471,4000.95269118999,-1384.2549636,-1171.26732359,-129.80957251,-624.7635997,858.293720400001,-19159.2749241,-228.793856949999,75.2309161099994,780.050392560001,865.382151740002,-1536.85180102,-49.5854697200013,-1439.94331286,-732.858336164,-17.4109456000001,500.587945225301,-314.35910436,-1629.58769894,112,0,-0.25
245.599799962,1250.43963253,-620.204641400001,-1799.68457882,614.346301130002,742.391405819999,3919.445318,-1388.951411,-1120.67849759,-174.06366986,-657.359657,875.8324649,-19159.2308881,-171.068918149999,53.6905572999996,757.95345267,729.84723558,-1533.23725372,70.4973831999999,-1458.68317846,-668.175228264001,14.0820537100002,559.1574243453,-330.41004718,-1767.18312877,113,-0.25,-0.5
206.739556162001,1302.0866258,-536.232670900001,-1670.89913124,497.62437668,663.28295551,3671.6317369,-1221.2712727,-1140.17125029,-176.93972612,-613.787823140001,856.2571858,-18154.185299,-203.053902839999,72.4522094000004,664.64343114,676.725531740001,-1489.30727292,3.39323900000034,-1358.58788159,-627.499092804,53.5185359400001,589.49075698,-229.16169816,-1658.44693078,114,-0.5,-0.5
235.918565546,1189.8904474,-685.315052,-1595.68405545,521.75858618,583.09177762,3499.6002107,-1299.760134,-1039.85187989,-173.104468943,-500.492241188,877.3633854,-17351.274346,31.1387367399996,137.8724514,560.082796200001,623.325350100001,-1342.38043689,-22.8733098,-1316.18971407,-690.541141896,74.0333897699999,476.7574612453,-449.53861856,-1588.62003877,115,-0.5,-0.5
174.357989106,1181.01714362,-625.4040806,-1610.40511427,565.7307316,662.18026775,3548.468554108,-1307.8612944,-1032.20656052,-157.9213841,-569.08327371,842.00579147,-17106.153364,-33.7521671900002,167.716588,561.865278610001,617.123832160001,-1412.40826342,71.5164058999996,-1415.55947915,-724.70239752,101.52491406,393.200409615299,-300.04091396,-1602.40049227,116,-0.5,-0.75
212.243852406,1292.1998255,-559.021825766001,-1660.86200101,617.4319567,604.593547989999,3657.067478508,-1073.1163363,-1008.39844042,-198.95446981,-482.390754840001,761.4977337,-17451.896377,21.3981783999999,161.4771,651.181472129999,724.731736260001,-1379.8691472,-120.52282,-1286.36649427,-760.0568591,-80.9791252899999,325.34659106,-248.53257466,-1559.67127067,117,-0.75,-0.75
185.533411320001,1179.8461567,-624.100816432001,-1705.49072088,712.9776402,659.65488415,3850.28639644,-1279.8052618,-1080.27027737,-252.7755694,-479.16552214,809.565899900001,-18164.473547,-86.4616764799999,101.0564167,719.24204263,719.634054519999,-1454.5091447,-47.0525362999998,-1315.49979687,-834.43692416,-155.55132287,317.67027722,-374.73874136,-1718.6102852,118,-0.75,-0.75
187.987579776001,1345.18598649,-702.818032498001,-1535.91943505,615.7665157,613.626457250001,3488.5557854,-1341.1004683,-813.733085809999,-306.92594562,-334.87311544,639.873744519999,-18042.5144739999,-19.6314240800001,298.9574583,607.450612630001,774.427832279999,-1365.15684202,-78.9732211999996,-1183.80778288,-942.276948796,-337.767211759201,394.48859052,-394.73795316,-1563.519152,119,-0.75,-0.5
322.083454920001,1263.47173878,-901.233702066,-1918.52733744,911.10429916,1037.42374201,4330.91470000001,-1655.1598406,-1479.45103939,-258.14474511,-660.790924589999,914.4118808,-20716.050727,-57.19717766,77.3324159999999,893.60431882,802.924910699999,-1773.34541028,-139.248470700002,-1624.78848919,-912.608474828,-122.24730259,542.43337676,-386.04632786,-2115.95850904,120,-0.5,-0.5
441.395583940001,1272.49227414,-925.1086596,-2077.09136924,991.154552089999,1039.26227963,4372.3648693,-1657.379539,-1401.40688827,-230.50052101,-680.969365199998,826.301936099999,-21767.853081,-83.6098288599993,88.7268053000003,1004.54556158,824.49084344,-1664.89116558,-106.3087403,-1719.45504168,-902.577935384,-186.858561460001,528.397041959999,-451.49005126,-2220.19697557,121,-0.5,-0.5
381.634152480001,1238.98662078,-926.335193366001,-1968.50042978,715.445340990001,838.63333707,4244.76326590001,-1503.7188905,-1187.05511597,-195.5872704,-741.72663609,832.056605299999,-21325.358435,-147.893123219999,-121.9820038,800.77494824,827.19869574,-1734.87026862,-112.7117514,-1624.44959998,-757.116753591999,-49.7110371600003,441.281281261001,-370.91115596,-2103.56455537,122,-0.5,-0.5
383.359361096,1507.14186718,-926.950075132,-2187.22599655,773.53224119,793.331852479998,4754.43024469001,-1714.7720581,-1420.47559871,-299.3532117,-766.03180619,1000.730877,-23779.021045,-115.65884021,36.7692814999997,929.1879115881,973.60631662,-1905.66112582,-130.437577800001,-1772.08934786,-810.525852619999,-13.7276997300004,568.638581925301,-399.33758426,-2383.65922304,123,-0.5,-0.5
437.837972626,1587.69388629,-998.813207011999,-2175.74697481,853.150609889999,873.283127180003,4785.83879969001,-1758.3047154,-1455.89562228,-240.8521969,-789.473580739997,1131.1938531,-23409.725635,55.41819114,120.1509484,873.46022545,801.322978159999,-1912.71780396,-92.8854281000001,-1960.33272978,-1051.064785508,11.43104509,550.23299246,-480.84086856,-2337.37630554,124,-0.5,-0.25
301.081184539999,1580.03096519001,-910.094453245999,-2338.87340756,1012.35321291,962.133581120002,5147.52725659001,-1916.8652131,-1512.74013868,-349.1743194,-818.535242199999,1010.394619,-24724.741987,-14.0594402299994,257.9702967,1051.3551057781,1005.4256786,-1936.58626456001,23.9441187999991,-1992.38079344,-935.672021268,-130.7870587,475.1920753253,-421.30627216,-2549.34984824,125,-0.25,-0.25
361.706345596,1503.89077599,-1052.922453546,-2334.44668614,998.5685578,908.41627479,5085.22734989,-1846.5631464,-1490.91638118,-366.65861251,-765.94513747,1058.0563824,-24685.747125,-61.4514603500005,57.7007274999999,973.532679669999,931.320544680001,-2004.52119636,-74.1899673999979,-1853.02573833,-1024.115116852,-224.098309389999,421.583364759999,-445.20737236,-2473.32897187,126,-0.25,-0.25
427.658329938,1368.93752673,-1102.062435632,-2320.64905232,987.360965119998,1168.06186592,5112.291199898,-1966.0804313,-1505.81483808,-345.68416021,-812.29071089,1106.0674453,-24813.1575525,-211.99562514,18.4852569000002,1060.97552941,942.62546536,-1959.33425768,53.9882114,-1763.48570566,-1069.362619856,-189.71632646,497.123090959999,-507.33453588,-2517.50704584,127,-0.25,-0.5
545.082091268,1527.70132209,-1132.888735666,-2513.11066284,1091.63942244,1221.06521284,5520.10272959001,-2200.8074055,-1903.47315288,-334.515810309999,-858.864821050001,1249.9891921,-26581.1868735,-167.76892872,11.9073585999995,1216.62398229,1001.86233788,-2188.27484158,-134.297600799999,-2093.12779527,-1114.386963548,-203.80115054,651.692216860001,-570.570433580001,-2803.36484377,128,-0.5,-0.5
586.740779602001,1540.90273057,-1092.000862666,-2287.28745875,1039.04664904,1026.22348042,4929.91228448001,-1970.0737298,-1522.39929779,-300.04474669,-863.9674736,929.324247899999,-24898.007571,-187.906337919999,1.39736559999911,1135.11516957,885.212299240001,-1967.65015704001,29.3941271000009,-1982.43506499,-909.560875008,-140.51528536,492.40261516,-517.7756158,-2590.67252887,129,-0.5,-0.25
423.657825138,1447.09427096,-1158.080559832,-2464.39880717,1015.45931196,1069.45132493,5125.70716009001,-2077.8296456,-1587.49843569,-339.30666051,-993.707872100001,1043.7163121,-25989.750446,-227.26258533,-120.8929987,1056.27114407,1000.986207447,-2069.4887656,115.465314700001,-1968.8652875,-848.495494931999,-127.768065480001,533.509580359999,-496.0416636,-2749.60214157001,130,-0.25,0
418.656930652001,1504.03246405,-1127.3241461,-2292.80633752001,937.304247759999,916.962649890005,4915.37826439001,-1994.8718885,-1726.20938584,-441.6686715,-841.370402390002,1147.5597296,-25141.380419,-150.657622289999,39.9530317999996,1006.34642691,935.575577327,-1949.5914141,37.7298722999991,-1920.11645646,-804.864533067999,6.41678742000064,604.678284499999,-648.357161680001,-2687.26192347,131,0,0
422.479288002,1693.14668377,-1039.952446866,-2466.60911139,1004.53113754,1026.32112126,5136.09485269001,-1975.5263874,-1729.79631154,-416.62572452,-901.522118840001,1181.0641045,-25788.882894,-45.7799649199995,65.6049922000002,919.73313438,839.475234687,-2012.42975674001,30.1520071000001,-2028.45395577,-1085.874197788,-35.6773987199996,593.039149500001,-575.95644266,-2554.17919881,132,0,0
360.152500552001,1606.79238076,-998.400145900001,-2453.45962506,1099.42810956,1066.69340946,5343.65295738999,-1967.3511877,-1656.18217204,-466.89582291,-831.25308469,1053.352336,-26001.096893,-58.8472329199993,261.9495687,1061.89618483,1002.913764381,-1981.10782174,104.717871820001,-2005.67573429,-1039.162227492,-196.991175670001,463.309318899999,-458.17551008,-2660.09104618001,133,0,0
451.594534702,1791.74671866,-1166.5863971,-2634.85613427,1111.00924576,954.6542085,5672.50438309,-2173.8737579,-1751.14836326,-493.60343453,-911.776487640002,1225.1374578,-27904.1953196,-85.9055937899995,100.4549179,1051.99696054,1017.081778428,-2159.25714368001,178.37314922,-2073.61030738,-1132.179955112,-282.9772936592,453.023517420002,-565.79271398,-2796.65441509,134,0,0.5
435.636392532001,1593.14567873,-1229.5936427,-2511.95430745,1018.95705666,1175.43967683,5460.09368459,-2224.62972,-1638.56772358,-485.51837263,-803.53564854,1233.0086836,-27073.7702841,-174.157084289999,146.195891300001,1111.39826252,983.024828080999,-2079.09355238,272.322942800001,-1881.52598528,-1187.723090132,-316.40052094,549.547422820002,-597.96319608,-2708.24296688001,135,0.5,0.5
653.598880752001,1801.98107617,-1273.324762998,-2661.15183196,1096.47167326,1253.07753938,5653.6922671,-2157.2772526,-1766.58408966001,-345.04651366,-954.091802990001,1281.9556255,-28120.9603317,-31.3248424999996,131.175946800001,1184.70664045,1028.515212027,-2171.31288204001,10.5275060000004,-2206.91615219,-1246.230414356,-341.437961539199,705.404510810001,-475.78092258,-2867.23753088,136,0.5,0.75
707.529374715999,1772.14919949,-1340.488039766,-2713.03227651999,1296.55600066,1231.508207324,5902.84986430001,-2347.1301723,-1759.30306268,-390.97683127,-986.719441240002,1237.5942516,-29132.3204266,-177.1757573,137.068143900001,1262.51799094,1083.972917407,-2122.28374286,101.457563300001,-2389.44679163,-1120.624881772,-263.9553700792,510.66447612,-550.33626218,-3022.37816195,137,0.75,0.75
581.180116874,1829.13641139,-1341.450503746,-2836.39982109,1084.03697159,1111.04385797,5903.55870769,-2376.25483260001,-1649.56460389,-384.107819460001,-1082.56888829,1247.3967077,-30031.5434896,-226.18350679,-15.7516655999998,1153.95882924,1181.472329334,-2258.07821378,207.385354800002,-2285.40540227,-1063.17479446,-276.1777472092,541.382874230003,-567.839058679999,-3060.21704222,138,0.75,0
491.556734514001,2048.3988912,-1294.127309966,-2813.29694923,1120.2049575,1046.75346418001,6209.02869059001,-2569.5151524,-1791.68574929,-421.22019543,-993.721036339998,1563.2749992,-30976.7334786,-120.405675400001,214.5677562,1084.44233876,1241.508419581,-2360.70627706001,88.7615281000005,-2467.10195965001,-1168.88904526,-154.94790596,660.5196689153,-689.73535308,-3194.94801671,139,0,0
448.232008476,2010.93482088,-1362.174357532,-2779.86823111,1189.29202254,1123.23592748,6036.55343689,-2324.0954596,-1763.90405536,-380.73216254,-970.39492686,1433.96251916,-29747.1665986,-63.8638573800005,184.167219399999,1158.0668348,1080.29685152,-2326.1379605,142.891793100001,-2417.98554007,-1246.871737378,-202.4651217492,613.213118245301,-587.827050180001,-3108.7933367,140,0,-1
442.649842062,2026.19294466,-1217.714365198,-2794.5627237,1336.58124174,1099.63683242001,6142.15354949,-2278.7350939,-1783.22848566,-445.86982553,-967.4548903,1339.28472436,-29426.6466505,58.4842543200004,237.3509891,1142.63298168,1188.01221432,-2241.65896127,120.1379053,-2389.18320879,-1152.288098484,-279.66395827,475.774889339999,-502.316420680002,-3155.98000707,141,-1,-1.5
381.207736016,1711.60945328,-1233.7084309,-2528.88264294,1220.76496514,1054.28763082,5553.74565758001,-2127.9627506,-1580.94701717,-446.87434775,-860.387373000002,1240.05290396,-26898.5417465,-70.2788666599995,63.7549504999989,1130.7502386,1039.88540208,-2053.21896916,172.016757300002,-2049.5722936,-1064.660995204,-329.70835818,418.702281425298,-509.034538280001,-2852.59299817,142,-1.5,-1
422.610960274001,1804.19662478,-1324.5948645,-2729.92359309001,1215.35039807,1289.62994322,5954.72133978001,-2364.4847446,-1786.58584758,-480.18688645,-919.515762499998,1345.57611586,-29061.5210515,-106.605238559999,158.677332169999,1161.7074455,1135.27119016,-2227.95252977999,173.137766599999,-2224.1551062,-1130.330694324,-313.01911906,563.978317085301,-639.47761868,-3094.42122907,143,-1,-1
555.293726394002,1829.08029618,-1258.719068666,-2757.84163096,1162.82082874,1199.13061682,5905.36723158,-2299.8695415,-1916.81932988,-418.63156156,-976.42068485,1323.150764024,-28549.2067294,-38.4747087599993,83.3682142400004,1186.8877420781,1088.24728634,-2233.53926758,58.5696570999982,-2383.86201049,-1083.681151624,-354.694095899999,624.062655525302,-547.939163180002,-3095.22845137,144,-1,-0.5
695.882267381999,1775.78268458,-1190.8171553,-2632.59668106,1209.81940946,1070.50824902,5370.82340868001,-1915.9682907,-1588.26001979,-340.21838255,-979.40550965,1001.7314496,-26954.2684265,-75.2999829500004,110.81642944,1090.7725594781,944.92405394,-1961.5456764,74.5944267999995,-2236.19944229001,-981.706172074,-401.503770609999,514.999087685301,-535.756925180001,-2892.37695917,145,-0.5,0
542.738081334,1704.56777126,-1234.594298066,-2621.68740201,1024.04786786,952.058865990003,5347.53393038,-2009.7267812,-1611.39456698,-389.52912963,-1000.64874575,1082.895857748,-27173.0233125,-224.123076160001,-109.575831389998,1008.82515608,1048.5663675,-2063.74263628,192.940607199999,-2166.88310929,-808.893074827998,-297.525188809999,447.1981387453,-486.092316380001,-2964.77923037,146,0,0
477.011420120001,1726.86229249,-1257.063604798,-2471.59690862,939.60546059,853.663487990002,5205.33291578001,-1951.4917968,-1624.59865128,-419.10318312,-889.006638700001,1193.2731227,-26487.2928425,-107.04330067,39.5658910100001,1022.2215594,971.925345939999,-1940.4492555,177.734326800001,-2058.2947668,-912.363737027998,-183.08884871,523.91631692,-601.95631808,-2928.82277424,147,0,0
360.000141562,1537.39606428,-1077.268773998,-2181.45223477,1003.72321576,825.12803252,4588.27641638001,-1832.3094929,-1504.77191949,-337.14893572,-745.501847900001,1121.14239176,-22725.7392266,-95.7901292999992,107.6859044,917.488585799998,857.5170376,-1670.61017976,174.0805869,-1877.0393345,-825.824307872,-180.521170539999,407.694900499999,-446.40813298,-2430.14776664,148,0,0
400.241067932,1681.28849326,-1191.3341225,-2470.77743726,1269.14410984,1057.94322272,5487.58122798,-2089.4788071,-1793.28148776,-398.71939723,-841.3978117,1203.7343385,-26542.5939461,-141.493677969999,164.1499918,1106.224993404,1133.0673796,-2080.66621456,128.392644200002,-2135.4373552,-958.328660771998,-210.299167869999,420.08670882,-411.624795280001,-2892.40098557,149,0,0
387.2700713,1633.75094765,-1310.9398871,-2551.90671127,1251.98878068,1110.33128382001,5597.84394527,-2272.0657663,-1683.24214756,-423.66156736,-845.653126699999,1382.7321696,-27221.7777661,-145.3570463,65.5277288000004,1165.94646588,1119.988286447,-2189.69234124,243.414135299998,-2100.34315097,-1095.392057594,-236.67772811,449.676497039999,-487.6628208,-2962.60927111,150,0,1.5
421.592784968001,1563.76415292,-1489.6990937,-2624.56257704,1311.78825036,1383.68037299,5507.50289777,-2227.7106903,-1724.42704268,-362.84698485,-799.3128337,1348.8361491,-27372.7041817001,-236.9550928,85.5270245999997,1170.99245437,1187.453991987,-2193.75506404,214.462892699999,-2033.43584631,-1128.527349056,-300.137395689999,615.230789240003,-543.86839768,-2996.20138818,151,1.5,0
490.06319595,1575.27538706,-1240.632095566,-2442.21640759,1229.386739,1300.73932759,5414.06357268002,-2181.1342195,-1826.76590268,-321.99302634,-838.095696070002,1368.9832816,-26145.6362926,-106.94661621,75.4468361000001,1150.62670442,989.505557526999,-2121.21376058,47.9581306999992,-2129.7954139,-1070.9210942,-220.62833701,675.501961640001,-471.84238248,-2846.12004814,152,0,0.5
575.150150466001,1632.68734054,-1246.809608566,-2545.98225553,1321.0900181,1205.94553503,5492.89026877002,-2292.6461813,-1689.24614171,-350.87488422,-878.323947250002,1275.7243665,-27015.4558317001,-204.550202619999,172.019789999999,1204.35524692,1018.263599927,-2034.85911986,226.846878400001,-2181.37158721,-1049.811256232,-330.92866005,497.474964220001,-557.945647779999,-2951.9216755,153,0.5,0
487.139730938002,1760.42277393,-1300.4939318,-2627.70819525,1078.03312711,1108.32731073,5838.08394798,-2481.5755612,-1762.48802436,-427.25618763,-1035.79362675,1350.7733656,-28668.0629561,-184.630236900001,26.6747079999996,1156.6839703962,1085.880351947,-2239.30583884,285.203917400002,-2258.15890948,-987.379342915999,-152.809562580001,395.4836979753,-499.54708518,-3029.59422387001,154,0,0
433.39650217,1781.67700059001,-1285.847295566,-2525.09829011999,1110.6717006,1077.66378173,5711.68921469001,-2484.4936244,-1764.61393926,-426.64762254,-966.0634116,1534.69907006,-28312.2329081,-36.4882480199997,134.6064703,1116.57951556,1096.502663887,-2118.52584218,307.8578373,-2163.95986118,-1018.94389568,-40.1842233475996,525.941665460002,-609.71565918,-3093.96168707,155,0,0
450.197193950001,1579.60956322,-1200.5014423,-2374.93689566,1021.1195326,1101.527667744,5265.92905289999,-2231.2394204,-1697.71321186,-411.81946464,-932.144595650001,1435.44450356,-25666.5304891,-46.7217974699999,89.550885999999,1034.29713706,869.554842967,-2019.48846022,275.663499000001,-2140.29108889,-1078.02013148,-20.2404194900003,491.227803840001,-588.95639088,-2670.8179921,156,0,1
417.561405072,1565.22793802,-1215.578860232,-2415.29607270999,1238.5545701,1235.526704144,5653.4771653,-2365.0070617,-1755.61654918,-505.9103417,-972.9971436,1408.6845558,-26592.1821731,1.22678582999983,286.696511,1202.12447108,1089.186810327,-2017.84616119999,313.215506700001,-2196.16348476,-1015.389205446,-91.3700379199998,380.12825186,-500.015483679999,-2882.1234387,157,1,0
424.110633276,1685.80300532,-1396.157081732,-2745.0304073,1452.933534,1279.824786644,6322.1029196,-2822.2463911,-1915.2427317,-506.9521025,-970.855906900001,1681.4246674,-29636.2190271,-83.8015440599993,79.7839515000001,1272.42586938,1207.093139927,-2302.81377266,288.929470499999,-2340.38179355,-1263.301016276,-246.456335739201,343.463013599998,-686.47713968,-3051.4776197,158,0,0.5
385.635520974,1588.8801467,-1387.915663964,-2675.16831953,1293.04894068,1449.664937344,6042.5965129,-2529.3858515,-1904.05514473,-448.44730093,-899.924649650002,1542.717304,-28934.4956221,-219.591484049999,97.6163621000011,1173.09918448,1173.302495787,-2307.31388468,125.0454582,-2130.19821717,-1253.540895852,-251.8700566292,515.669299801002,-609.641800580001,-2975.306924,159,0.5,0
536.31375474,1574.1194263,-1358.800928698,-2517.18328996,1286.1669701,1535.751509244,5870.7501851,-2603.859458,-2040.041645,-398.63154245,-957.688881200002,1504.2962591,-28083.1470140999,-20.2258012600004,180.7505391,1211.91495568,951.351291666998,-2189.1932254,57.7016131999992,-2296.05107467,-1155.829462016,-258.9799604492,685.625226600001,-590.04850518,-2898.1933548,160,0,0.25
764.499470885998,1658.87868202,-1292.779900064,-2686.64486138,1448.03368598,1361.18009903,5801.38912010001,-2501.2948268,-1892.3324359,-323.770307210001,-917.558084170001,1370.88823517,-28633.1826222,-200.53598658,141.2457462,1314.768712944,1003.531338814,-2095.49674764,84.6135847999983,-2396.71687545999,-1147.550862688,-394.299684459199,678.299574701001,-626.09685538,-2945.80680467,161,0.25,-0.5
538.072339524,1653.5356735,-1448.853275864,-2782.01139551,1306.02017498,1369.18384722,6093.0846843,-2810.8198488,-2045.56942608,-389.592101243,-982.280507549998,1619.7560303,-30186.32593,-247.74897458,-164.068396400001,1163.7962259021,1147.527547354,-2282.71050322,339.490786,-2476.26835267,-992.336407423998,-207.5392391392,599.683129485304,-592.989110380001,-3119.92003013999,162,-0.5,-0.5
475.223516335999,1739.31781199,-1411.672474196,-2824.89087386,1349.651842,1286.24335405,6021.20435270001,-2771.9649228,-2080.90730588,-429.767086100001,-914.87408555,1692.3470681,-30237.2639501,-289.011189469999,-61.6743358999992,1180.9573181221,1192.907928934,-2259.93683468,324.098614099999,-2408.65137585,-1039.880249988,-215.5192172492,643.342197685301,-644.717592699999,-3222.77898554,163,-0.5,-0.5
417.479261746001,1841.0225323,-1554.210463396,-2941.88617497001,1358.3834204,1318.3820762,6285.74350400001,-2826.1497079,-2083.15006696,-418.445957429999,-997.0450546,1912.3653047,-30760.5351621,-50.7988613699994,140.6372852,1198.501866344,1104.594272901,-2330.04584157999,342.404679999999,-2670.31059685,-1268.044864202,-59.3261555492004,645.967702945301,-806.3386587,-3230.22837884,164,-0.5,-1.25
420.641216468,1782.4970176,-1417.28934773,-2981.3611304,1590.3695546,1474.90282473,6346.957732,-2691.0230718,-2279.17628668,-502.68934052,-943.173585850001,1654.2244824,-30800.6913881,-91.4408039700001,73.3693577000015,1377.9807991321,1252.196682381,-2300.74907737999,379.987332499999,-2543.50944225,-1175.58792238,-201.010772950001,648.493051825303,-635.718213299999,-3295.86871984,165,-1.25,0
389.875875354,1665.11878799,-1450.292663862,-2890.45367103,1616.2930454,1282.7763213,6183.73834040001,-2804.3042204,-2020.43671724,-562.20626744,-868.1669195,1654.0477684,-29875.6175561,-110.87604356,45.9112336999995,1300.2120440102,1194.940063874,-2266.31126702,372.5267491,-2391.49638254,-1193.76335768,-330.12773343,476.2011619853,-665.0618225,-3248.68212277,166,0,-0.75
328.035620682001,1490.81741341,-1483.941286596,-2746.15915305999,1451.9864777,1503.01519938,5993.1983881,-2758.2222598,-1919.87792525999,-509.707315110001,-845.921523600001,1553.2309353,-29276.6294281,-291.882041660001,11.7842475000012,1205.523556744,1224.548962034,-2395.00154438001,386.739818199999,-2177.88396465,-1216.922861208,-208.09845258,577.040236790602,-643.927081299999,-3142.3465612,167,-0.75,-1
471.879643984,1649.62993851,-1474.846813376,-2804.53056542999,1489.72111808,1490.3651494,5931.46796940001,-2771.8044061,-2128.98425236,-465.690081820001,-917.026187950003,1527.0463938,-29011.0849521,-150.66738227,73.0050005000005,1255.462605654,1112.969961834,-2291.7357101,274.717858800001,-2413.31090018,-1161.381305308,-261.71820898,638.965875510601,-621.9151219,-3283.7396046,168,-1,0
564.975295246002,1627.52071091,-1423.061601598,-2853.48543574,1532.8011024,1443.3543911,5799.20660975002,-2586.5438543,-2071.62954529,-399.92781607,-892.22243635,1468.06501976,-28804.1036031001,-239.669176079999,-41.1686985000003,1214.1011602221,1078.841598554,-2256.90228052,257.410371200002,-2425.01994494,-1113.641596758,-226.061551180001,624.0735827759,-705.1162173,-3195.9982438,169,0,-0.75
503.511170508,1649.37511249,-1508.32432179799,-2902.11205799999,1386.41887958,1368.33238317,6096.00085300002,-2602.3594733,-2040.68758303,-406.63577164,-1009.129096,1587.4412849,-30064.6066411,-264.151986080001,-177.778245999999,1197.2121603461,1149.166259514,-2367.6394241,397.3662207,-2449.44903998,-1020.248786238,-162.0776376,531.3153576706,-675.572404899999,-3250.37992324,170,-0.75,0
330.910318372001,1635.7185842,-1341.315603896,-2586.26042147999,1239.5056481,1177.21938717,5514.96783369999,-2439.7688546,-1886.86283053,-425.76185416,-756.036296090001,1580.5850026,-27674.869096,-157.731847680001,-42.2408427000006,996.8666911021,1089.634219327,-2165.04363906,306.3151816,-2167.9509916,-1004.177841374,-120.504774559199,611.928269110603,-754.1742759,-3021.5712423,171,0,0
407.576652152001,1749.36725712,-1434.823243326,-2752.43943952999,1258.5726863,1222.93022307,5603.64805900001,-2387.0304904,-1895.64160105,-405.78155406,-883.436635950003,1599.37655,-28175.2379733,-80.3870498700006,43.0666942000006,948.728062544,972.070911706999,-2209.86904854,308.669545299999,-2248.91269278,-1113.243975074,-82.7825580900002,591.298071410601,-779.7621186,-3014.4808041,172,0,0
334.930279182,1731.62373065,-1310.049169328,-2725.76506423,1400.5994977,1232.82927677,5634.1390507,-2321.2892093,-1917.80682488,-444.083966430001,-878.091330750001,1427.8461405,-27830.9118108,-54.8755475700004,87.1400927000004,1037.9905762221,1074.475542227,-2098.85704068,290.051054100002,-2197.87870577,-1015.000586654,-219.512192530001,566.403642031602,-619.1319824,-3017.5091736,173,0,0
259.040556550001,1610.61418614,-1385.963951764,-2632.72398638999,1390.9074126,1163.74389864,5636.88541930002,-2598.4578725,-1862.48878852,-479.90705443,-727.958840150002,1559.4217289,-27568.1577818001,-185.33520377,-12.2975997999986,1118.5264226781,1095.881540507,-2111.73811564,426.853826800001,-2196.41150256,-1051.296814508,-274.18902076,445.3910736506,-695.1048676,-3012.7055349,174,0,0.25
258.752587055999,1390.63878746,-1435.665676696,-2590.0825179,1298.3357225,1375.92916424,5445.55724970001,-2563.1645532,-1891.50625321999,-376.64263061,-756.847409800002,1482.59892967,-26684.7554929,-297.81850448,-44.0053295999995,1071.0616918781,1111.374916527,-2130.43711518,433.915919000002,-2005.44601118,-1014.810327344,-208.75051812,599.172306515902,-667.0957002,-2908.64733447,175,0.25,1
435.236120736,1464.79871023,-1371.936934226,-2462.84368456999,1247.8266543,1369.13297086,5308.79991340001,-2488.1925648,-1954.87069666,-338.93674103,-873.54764015,1435.20387407,-26094.8354251,-192.35268476,-40.0438298,1119.9872921781,945.369788227001,-2113.69446616,373.105895200002,-2120.06766856,-925.68954638,-113.04609513,591.4946515459,-564.924383900001,-2968.127178,176,1,0
593.510601146001,1560.63341135,-1435.564456526,-2688.78110458,1442.75146668,1331.91271099,5451.89823150001,-2592.5973767,-1969.08879963,-293.04676242,-902.680396450001,1420.65947544,-27197.3123791,-308.06199108,-60.8204897999985,1189.2697145,1012.282542447,-2141.85335394,422.1328003,-2283.06861457,-868.634522235999,-180.65465826,548.1901322959,-667.4759867,-3141.7175118,177,0,1
472.938891876001,1579.86755072,-1484.953698392,-2756.12239089,1330.7538273,1259.28424916,5479.05111590003,-2528.5840229,-1916.17806406,-308.82431971,-880.313024000002,1401.98499547,-27903.8514801,-348.89961538,-155.8964297,1092.44907341,1102.927819787,-2216.07223094001,383.1982905,-2231.71738056,-805.435149779999,-190.06039287,546.716726925901,-663.5960481,-3147.4485517,178,1,0
389.950321842002,1610.74423534,-1358.960249494,-2631.81809052,1211.9482093,1154.81823906,5283.64202370002,-2504.0598968,-1912.60538686,-385.05497991,-773.59295195,1530.58561377,-27098.6981871,-258.703611970001,-42.2524526999999,1109.28154708,1108.932125287,-2099.15133078001,413.0408725,-2113.20851327,-867.897292979999,-113.47566906,644.454221615901,-720.4207683,-3156.9026181,179,0,1
449.591882848002,1666.64302854,-1387.926938894,-2744.01361649,1204.9940964,1201.56711696,5473.46804470001,-2380.093417,-1976.42534316,-380.84741953,-906.473904800002,1573.1058699,-27574.4426961,-139.34726905,5.85089840000076,1079.95531988,965.218017966999,-2119.7844062,384.3649689,-2222.87875817,-994.322778207999,-40.5467031600005,614.217496195901,-708.217027,-3095.8754787,180,1,0
76.5205998900001,658.539303039999,-594.825551600001,-1231.22628365,601.3212467,630.77236753,2958.9898365,-1247.9601743,-1025.59062808,-294.96820964,-429.54828205,747.3120803,-13259.7754481,-136.88264051,183.7928611,684.121208900001,496.538622627001,-1037.3014466,279.953887199999,-1025.89943175,-386.099085024,53.60730822,143.2820613,-342.8433882,-1519.3266184,181,0,0.5
109.92163075,706.394978739999,-578.854502300001,-1235.16027785,560.904117899999,535.5694009,2974.79357259999,-1274.8678477,-1001.31626828,-312.91397514,-434.6807062,765.4420949,-13277.7727061,-76.5241133600002,146.3173389,658.330287400001,454.270531447,-1052.4027478,265.017205399999,-1029.52168459,-466.602535664001,32.3327054799999,119.37666152,-367.5014216,-1503.9208165,182,0.5,0
70.29076499,594.44193675,-587.624531866,-1112.89728619,530.096913699999,558.958364,2670.44911409999,-1167.5807788,-821.510100580002,-267.23786094,-366.98780645,708.5921093,-12087.5523231,-133.31839839,146.0631156,576.129324,414.743604827,-977.1788028,236.0239412,-848.4184614,-445.7115604,-12.40950403,162.31493792,-330.8577308,-1373.1673096,183,0,0
140.63728573,693.09430066,-606.487768900001,-1204.53833231,577.406294699999,572.2471551,2883.30299519999,-1310.3690541,-967.203710080002,-272.65682826,-428.43655395,765.222021200001,-13023.4217611,-74.5246245900001,196.9533207,661.512281199999,436.083969807001,-1030.6042596,188.220183799999,-1034.2339123,-479.2721974,-56.7351001899997,220.18834032,-350.6401533,-1491.5423094,184,0,0
169.84859386,674.53902906,-583.887229900001,-1214.8035515,615.463271699999,538.072388500001,2783.42489819999,-1251.1403919,-896.688865580001,-241.10675024,-423.367343149999,721.483416200001,-12767.0347411,-124.58741979,166.5136044,658.9298807,423.531825107,-972.720018600001,216.243619799999,-1001.3771009,-467.1614927,-65.10448833,192.21709662,-352.8749038,-1456.6152044,185,0,0
122.49423529,667.739763479999,-576.431770566001,-1130.10781294,508.383425929999,485.5112823,2678.6475317,-1189.8754698,-896.353276210001,-273.96142934,-410.16585395,716.039256,-12405.4813711,-143.66737229,75.2267388000003,587.3810576,433.583839447001,-965.3835864,256.466088899999,-932.7978782,-382.452335064001,-4.05765813000025,170.0542085,-306.3933632,-1382.4022369,186,0,0.75
124.977804800001,706.537164979999,-591.943760780001,-1166.01388083,555.726683299999,489.114314200001,2767.20319449999,-1265.2270657,-957.005694810001,-304.63671174,-419.865664249999,760.171994300001,-12782.7612171,-145.47408089,149.6611665,604.9267201,453.93661954,-957.6442651,257.522308799999,-962.912880600001,-391.9858824,8.48984204079979,180.39873162,-342.1510579,-1455.0182877,187,0.75,0
128.957792678001,676.61007119,-553.887434366001,-1128.6921384,528.969571299999,492.595192199999,2623.24446429999,-1157.6308703,-898.181445960001,-257.26820684,-416.04962975,729.0828701,-11995.4778231,-101.93622509,167.5030313,582.7684091,385.05942408,-904.3862116,258.9260996,-952.1013719,-411.8718353,39.0454033808,159.16945902,-330.3064018,-1342.9906136,188,0,1
112.073293808,647.493785289999,-554.409140500001,-1111.60222891,581.354790299999,536.528574799999,2668.4316567,-1141.3779391,-888.81400296,-307.38946374,-417.27783815,677.4790183,-11984.4610861,-92.8644308900002,192.0172663,633.0313551,406.09027058,-876.9244887,290.1219685,-934.799305299999,-373.261127230001,8.41352791079977,132.17072382,-288.0827584,-1354.5234819,189,1,0
88.1287654600002,638.274363390001,-602.479024300001,-1125.72408181,586.255890899999,487.273763399999,2664.4197307,-1219.1783861,-823.77719676,-290.62309744,-378.85301715,727.1626758,-12127.4728651,-98.8876762899999,144.3086449,617.8999446,384.85842698,-887.870972999999,289.2100709,-904.2629294,-450.3631222,-38.9887451500002,129.49010422,-331.4358544,-1338.9927819,190,0,1
131.44295336,625.35941089,-605.174759400001,-1171.78720056,565.595856899999,564.9139027,2710.6753567,-1247.632307,-851.10148346,-283.42685714,-413.76426155,723.5555702,-12425.7121211,-145.0099407,141.8229164,587.6652566,415.99686418,-937.324005099999,279.225178499999,-871.3832877,-463.3843179,-34.7112842492002,197.77069692,-361.5123537,-1357.164735,191,1,0.5
170.28701136,705.98068306,-580.928405332002,-1187.0102755,576.237261799999,565.7367749,2762.4473707,-1243.2235472,-937.242938829999,-277.91804654,-431.0703238,764.7908803,-12608.2782622,-91.00197909,144.8480868,636.279765800001,367.26839138,-933.281541700002,238.355317699999,-975.0013154,-473.025125000001,-58.4106565791999,224.856250420001,-342.9565154,-1414.2497895,192,0.5,0
224.14702236,749.591758559999,-601.903561866002,-1293.54412148,672.682053799999,569.4721918,2902.7600263,-1268.2332839,-929.690112929999,-291.87506314,-475.340632199999,758.3262197,-13393.8843451,-153.052859290001,141.9459972,651.873398800001,414.84451288,-966.3644747,275.751445199999,-1033.19535089,-491.0275584,-82.2908332492,175.88512242,-375.5821094,-1495.2561593,193,0,0
125.00971126,680.961496279999,-594.696306466002,-1201.08167701,543.288158099999,520.7183027,2682.6830245,-1199.2202892,-868.22840261,-293.86435234,-441.4364791,732.023895700001,-12555.3433051,-117.12600408,88.1898080000002,585.166408400001,390.93944948,-900.572648000002,289.664417099999,-951.9071844,-434.443372100001,-41.3509537991999,184.15800272,-339.3556941,-1410.4505266,194,0,0
130.62680326,716.255715779999,-611.579569900001,-1226.0312227,587.3263314,501.0959833,2752.5284537,-1232.1674614,-919.36420704,-334.96846454,-401.29706515,765.7306999,-12910.2198251,-100.51109468,122.2928976,605.1289472,421.40405598,-925.348640600002,276.819833499999,-956.573101599999,-452.0824634,-11.6078952991997,217.35709602,-356.3475307,-1462.6644382,195,0,0
144.045797389999,748.412184129999,-635.453495100001,-1291.8306759,631.863476699999,552.8383289,2917.63105229999,-1285.740143,-974.650672759998,-331.14138964,-458.98448615,832.5123636,-13355.5551181,-109.90311708,150.2572353,609.533442100001,405.14580118,-996.785992600001,279.247546199999,-1046.33218075,-499.861527308001,33.4654111000002,183.90889192,-359.4143531,-1532.17089267,196,0,0
143.48180939,701.444506529999,-607.999907000001,-1277.46750093,655.719711299999,577.7069713,2890.0485515,-1196.633899,-986.85258249,-361.93374324,-443.39994175,718.560925100001,-13179.9485441,-124.31726171,153.4920501,659.0558017,431.27971728,-998.354657300001,284.668779499999,-1011.6315077,-453.979009368,-14.5663481999999,139.87292462,-331.043406799999,-1551.10578757,197,0,0
100.97995419,637.774392929999,-593.827058066001,-1211.79453639,600.6330994,518.437411400001,2721.8165323,-1230.6669799,-837.996650489998,-334.87511444,-387.70047005,750.8286044,-12617.1018331,-93.9588655700002,130.8181099,609.166595900001,393.22044358,-941.052271300001,259.535158999999,-941.890512700001,-491.543970604,-40.9854485992,144.14450552,-386.4699667,-1444.89784637,198,0,0
138.80251519,675.569643329999,-611.800009966001,-1255.67344968,611.180880499999,611.951181400001,2833.2979003,-1286.4272309,-917.954583089998,-297.84379834,-431.12777005,780.18446967,-13051.6861881,-112.28703867,148.1774366,617.5187289,442.11817738,-988.236118000001,267.312933799999,-991.803277400001,-501.223895168,-34.4489767392002,188.76655552,-385.6104242,-1496.38965017,199,0,0
36.1682905300001,358.83824489,-251.84693468,-621.947311609999,251.3674747,270.045528599999,1446.8854118,-731.728785999999,-420.9169362,-175.3306803,-192.5758394,449.641724200001,-6593.358543,-131.7712355,121.3492372,333.011219,257.35026006,-470.930086100001,222.3259391,-540.9465118,-277.775061032,16.5037520208,56.4851135400001,-202.5483236,-718.93949997,200,0,0
38.5332918600001,388.535704779999,-267.9506957,-670.84681331,255.254193299999,286.301409199999,1571.0314173,-827.5027235,-444.8880526,-210.3802991,-186.26918022,496.8143554,-7216.53828199999,-154.41685139,123.2577578,375.891915700001,300.19357152,-511.550303200001,259.6578639,-586.9042073,-299.749784072,37.8226025499999,79.1489750599997,-214.649147,-795.127041970002,201,0,-0.25
58.5255162599998,454.2742379,-258.0711186,-727.54601381,275.3604144,304.252202629999,1596.12054189,-834.0072665,-545.410232,-219.80543322,-267.77857573,476.2113478,-7604.77825099998,-170.9142632,110.0110828,483.2802238,279.99472886,-525.996931700001,269.7717245,-587.252862790001,-269.156581768,-2.47325247919995,122.35451258,-167.9856374,-828.0477034,202,-0.25,0
78.2833129,384.7355812,-274.4868153,-718.64354958,239.1132486,252.5358968,1486.7613446,-776.7919378,-503.019675599999,-192.68956482,-228.58937571,447.8513798,-7126.21445999999,-183.31304539,109.3308503,422.3836233,248.223166107,-489.583857799999,261.4652055,-599.3603662,-289.113860568,-43.5403820792002,58.8288531799999,-168.7776432,-803.2674141,203,0,-1
80.4997522159999,383.5440692,-297.4308155,-652.944504830001,225.187616,247.69800796,1383.9955976,-704.4301097,-477.471609600001,-233.20582903,-251.66064541,388.8290334,-6639.33800099999,-148.05533978,67.6358912999999,394.2417725,229.79921196,-465.8355526,250.1130863,-524.2207922,-251.82215554,-22.44436731,46.2458592,-124.1323121,-773.705696,204,-1,0
52.1494945,346.534012999999,-287.3424667,-669.91081234,245.048114299999,244.647042599999,1428.7238873,-816.792498999999,-529.531654,-286.44850603,-206.52362102,410.99306831,-6745.183064,-106.12369197,46.8480642,369.250092899999,247.33119385,-464.5720398,344.3790409,-535.5142337,-277.685300504,-15.6426870500001,73.5277644599998,-141.3350105,-840.5249907,205,0,-1.75
53.3118663,341.722206199999,-306.190147,-693.6036857,237.2618213,288.681619599999,1455.3370582,-809.279478899999,-526.191619499999,-252.91134351,-200.40904402,383.96465034,-6976.35792299999,-105.69585379,71.9674366,378.51727131,271.50961776,-474.1304441,338.4511885,-514.536756200001,-304.443003232,-40.0307471800001,81.4045001800001,-166.9138726,-830.690766,206,-1.75,0
73.4223505300002,403.312825141999,-346.8375668,-787.6897867,296.3340658,267.949813899999,1548.1228696,-820.476351899999,-515.083912,-235.60557681,-220.93334052,453.10803434,-7501.364894,-142.72008747,70.3447689,419.4042653,275.884509054,-501.7653316,332.7451345,-584.932494,-360.263907676,-63.9596287099999,99.1321767599998,-161.48443288,-909.4324301,207,0,-1
88.1202476300001,401.326521942,-367.4920541,-759.47202852,316.9338748,286.804961499999,1468.1077786,-776.7909535,-524.3417938,-246.43914452,-188.43503312,389.36435314,-7361.80905799999,-198.43544676,54.5886057999999,424.586197209999,277.02674586,-514.377063299999,306.3234876,-607.978958699999,-340.76587404,-81.9933348100001,138.032912,-142.55055158,-901.0629228,208,-1,-2
61.2249000160001,442.203827342,-346.10026014,-741.4972687,314.9859287,233.347066399999,1534.9085396,-848.055851099999,-503.02662806,-299.76086471,-231.32905616,439.168497370001,-7778.75770699999,-166.00302895,88.9070897,481.943191609999,356.957339950001,-471.5842972,349.3693032,-560.7097648,-361.961293796,-128.1829805092,97.3860130799996,-132.57754358,-920.1357021,209,-2,-0.75
7.10083430000001,437.180702799999,-313.25966326,-627.539224519999,255.24041,221.2350288,1292.0778986,-752.501521,-462.134790030001,-269.4099328,-206.28575734,381.93731167,-6614.48914599999,-90.5996061600002,121.5252618,363.3053404,268.52007655,-373.3272081,282.1261254,-510.060874000001,-298.562101052,-104.4359067092,108.50777948,-138.882932,-736.682783800001,210,-0.75,-0.5
7.54859430000007,481.677301241999,-352.89618626,-728.881432439999,328.723746,257.017809,1512.9086646,-854.323837,-554.80206373,-272.4888925,-230.56820956,467.82479077,-7446.253592,-124.97749856,110.9258111,409.81174971,322.05525395,-457.9890823,310.2306018,-579.0355045,-336.343150732,-94.7700092092,85.5874965999997,-129.58436678,-844.463913700001,211,-0.5,-0.25
20.1709966,514.714530042,-344.52061806,-718.636718879999,325.6708306,207.769774,1518.7047728,-857.8138382,-539.095898030001,-262.8731425,-233.40845299,476.45384917,-7469.7757832,-95.26601886,131.1796372,398.9496774,297.78589105,-431.8920785,269.459832,-571.725460489999,-368.042398348,-130.7016989092,123.2188264,-125.33406078,-843.776317,212,-0.25,-0.25
29.0476596000002,511.401911741999,-384.8797808,-768.56464159,377.6109653,240.1398844,1663.8061841,-1052.8265634,-586.408881000001,-321.3025484,-266.04593359,522.02824297,-8190.2135175,-154.83104683,134.8236534,509.1370513,341.87337215,-453.9092403,417.4829431,-622.21116,-384.478849268,-140.10925655,58.8704683999998,-169.60581718,-980.5293723,213,-0.25,0
12.6149630200001,506.944347941999,-390.385375766,-831.380350209999,353.3188326,304.0483297,1907.81329789,-1035.2087209,-617.1971371,-321.408954,-281.8486464,594.36509417,-8796.29905119999,-156.11695326,115.2549918,492.9102168,370.17972916,-630.4291683,324.6585753,-696.562024,-426.371249368,-108.6153195784,90.5623524999997,-162.26663728,-981.19570574,214,0,0
37.0662865299999,459.404408742,-350.4776955,-780.491097109999,330.1609204,262.5309264,1732.83517389,-965.3045618,-497.39367848,-261.2866677,-261.24891498,565.46183237,-8210.2804412,-114.11053887,102.7906181,434.179792,305.59045326,-529.176870199999,317.4417399,-657.001661900001,-443.178880939999,-131.6754380084,141.0919797,-222.21345058,-952.3783854,215,0,0
62.70090576,486.54701571,-322.3219933,-809.647915279999,353.5000992,215.9476965,1779.32654269,-945.0382085,-468.9548355,-266.2426745,-245.27863928,578.791892270001,-8336.942424,-163.92558027,93.6531953999999,434.3060025,328.22488576,-565.30957597,303.4612062,-643.145574860001,-442.34510294,-117.7789077084,121.48147278,-198.77847,-952.49868197,216,0,0
68.30985366,481.768582742,-340.7972623,-825.325461169999,317.6982857,224.269708899999,1777.65009189,-967.4073349,-524.884724899999,-270.7356618,-279.08573438,616.64622007,-8330.2803282,-185.56587346,62.6261186999999,465.0208338,349.83657696,-561.9515197,324.2994933,-634.5090867,-396.269339568,-103.5880016384,95.43851368,-181.45657228,-964.5089155,217,0,0
53.3271661600001,512.674964372,-303.9518074,-772.96224087,306.1957255,227.0829882,1718.10470429,-967.678050799999,-509.0103129,-282.6780859,-247.21561322,606.86767397,-8144.8432332,-142.09216851,106.0627347,453.9309805,373.375142087,-528.891691499999,316.5576992,-602.252551,-395.47124664,-123.7187763484,84.2463468799998,-187.92911158,-915.6381484,218,0,0
20.8136786000002,377.602594742,-244.5251757,-631.308146299999,223.8580458,200.6349942,1288.51343569,-739.768323100001,-363.501804899999,-255.0662905,-226.34294637,473.58865197,-6237.0851201,-104.37258223,80.8172580999999,321.9262429,237.392021787,-393.5031307,278.0038725,-446.910881,-330.304449376,-67.8746931083998,61.88998078,-113.21187918,-710.992458400001,219,0,0
36.7562866000001,418.332503242,-281.9982091,-729.9046064,284.865502,226.35939283,1455.2479923,-823.3761362,-451.0345416,-235.1995738,-232.41080612,496.35141988,-6923.017686,-101.40483983,86.4436679999998,336.900608700001,298.681492487,-473.402426,272.8849742,-524.9574938,-342.588135804,-87.3451297684001,53.61001268,-120.33055818,-809.8787939,220,0,0
3.83975160000019,428.363150942,-302.4030603,-732.250043279999,261.6025434,181.6398581,1553.85150659,-891.3804693,-417.38311863,-274.7646696,-244.53639572,525.56904894,-7295.8014849,-92.9272963199997,97.5237930999998,368.14836,308.768994807,-502.413192400001,278.7535849,-540.4689399,-397.21602764,-49.5894279484002,39.8113835,-142.94242578,-876.123633400001,221,0,0
-0.212263669999804,519.166408442,-300.4060844,-756.122202439999,268.86252,189.0737493,1585.10349629,-944.816448800001,-435.5436871,-273.0374815,-254.25273162,534.63263571,-7713.7328796,-90.6568103199999,137.6370537,410.4442307,339.733724007,-502.008345300001,316.914715,-608.7717015,-410.66934504,-60.2648499784001,44.40388496,-163.92750818,-919.301299800001,222,0,0
-18.0819305999999,462.507487841999,-331.8202411,-706.814213119999,236.0991357,199.7150866,1579.76243979,-929.494644900001,-484.2148822,-282.4206315,-264.48543107,542.19158137,-7568.44034479999,-90.5656326199999,117.4027926,393.584079899999,306.629447567001,-496.384391100001,290.6860572,-591.4526926,-394.94853934,-63.3577729784,56.7181058400001,-146.01081098,-891.999742200001,223,0,0
-16.2689224099997,438.479209642,-381.8443911,-781.30287522,331.7028212,284.3474408,1722.82308699,-1054.9747809,-530.853950399999,-317.8240539,-262.92962752,538.04022014,-8397.5658439,-160.51461222,121.1739714,483.407572000001,345.426452607,-522.5827795,361.3631501,-632.7219687,-411.521172876,-89.6676854084002,86.8554720799997,-153.18774078,-1031.8702485,224,0,-0.5
-42.0096257999998,453.405056942,-347.0139401,-782.336218279999,284.404585,267.5135413,1710.66710779,-961.2796088,-521.410099779999,-273.4262615,-303.25349227,527.40735714,-8204.8981768,-164.90832522,163.0253643,450.0775191,323.384013147,-527.067734100001,291.5680689,-616.8652707,-384.774505840001,-91.2938961175999,89.6367132999997,-137.66999688,-955.29003924,225,-0.5,-0.5
-59.0655941999998,404.15888548,-332.9082098,-729.301375209999,293.7815776,273.329306,1692.81621979,-940.390972199999,-550.006340800001,-281.93352932,-335.26206367,500.70829553,-8044.97427660001,-133.81232722,112.3979597,459.0588672,305.894421747,-517.953870700001,274.5677244,-583.9188928,-315.21638884,-33.7777863492,101.6031037,-141.8153554,-983.866973299999,226,-0.5,-0.5
-30.6774043700001,320.564245822,-217.9514686,-526.51907447,184.8643884,166.513371614,1174.02363159,-605.2243208,-345.7760042,-201.64068052,-213.95140522,348.6213646,-5650.6399776,-92.8197226200001,95.8540945,335.453084600001,213.367370007,-336.4296661,191.6680147,-422.1474633,-277.914897576,-4.93152950919999,98.8276508,-91.5840976800001,-629.0418754,227,-0.5,-0.5
-39.24219927,304.616321522,-238.0227172,-515.78702997,178.105922,177.374574314,1199.28733799,-710.8429492,-371.150783,-202.20332852,-201.5728917,422.0200413,-5717.96442160001,-78.19283663,107.0603645,353.992192500001,223.677283687,-326.4691119,255.4511933,-446.7362917,-280.455966476,17.3868178899999,76.4992902999998,-116.07476008,-682.5408392,228,-0.5,-0.25
-76.3243699,323.885520819999,-251.2367767,-455.9423772,159.9771818,147.6849119,1168.35455149,-713.7198611,-324.6722389,-188.20149502,-185.6964453,387.34459587,-5271.5099036,-47.8261927300001,90.2355681999999,332.8927446,206.673449587,-370.2956321,189.920509,-442.2956715,-236.586604812,26.7502659007999,34.4981098999999,-109.782949,-614.6316574,229,-0.25,-0.5
-53.8049170699999,371.9047903,-247.6716072,-510.357155809999,182.9934545,209.3949078,1315.46676329,-751.3424856,-321.4524759,-186.60846623,-240.9912056,436.9864562,-5991.2114701,-25.38082133,123.8137698,362.3659688,257.803520934,-401.3077197,190.2026587,-485.2828771,-302.336319548,3.38916286080004,38.28810988,-147.14029585,-667.9538576,230,-0.5,-0.75
-27.63806927,340.4530568,-282.1218343,-497.151023619999,205.7123685,190.4663218,1180.36295929,-630.2050314,-322.9638499,-186.52127932,-207.3975233,359.9737889,-5610.99637360001,-8.05585154000003,138.9216046,346.869303500001,199.744926187,-316.216385413,174.1844561,-441.21992683,-265.016237648,-33.5773789392001,49.2897616000002,-145.49230575,-636.744494,231,-0.75,-0.75
-86.5909270999999,453.27214,-282.8778447,-646.48591486,181.4995504,210.2664873,1572.44928539,-911.5310235,-448.981415240001,-243.70747004,-247.3005492,515.4058972,-7187.6555996,-29.0487906099999,146.8690165,423.738089200001,231.935156387,-448.0949986,260.3474431,-573.055970299999,-342.183620148,5.02523380079987,10.2299242599999,-205.29435205,-857.565942800001,232,-0.75,-0.25
-58.3277167999999,444.696077200001,-231.7346427,-602.804849239999,180.1598073,186.141188,1465.48274489,-810.6378481,-389.29385974,-209.85423764,-242.789159,463.1915396,-6791.3908746,-17.90134899,149.2558005,381.10665986,226.812925087,-408.743958599999,223.4162833,-519.0303852,-338.409690512,13.0322076007999,3.71802757999995,-197.44651875,-777.3351944,233,-0.25,0
-74.23271704,365.1662788,-203.8773449,-543.57626257,208.350489,234.7630323,1335.70341889,-750.076722900001,-343.2715203,-207.96147683,-214.3242547,449.2937685,-6224.49587760001,-60.9684064900001,134.7744169,357.34671192,247.457877187,-372.478794500001,227.913989,-466.52048219,-327.857475428,31.1607676608,28.2464128799999,-177.01771335,-715.39210387,234,0,0
-75.02933611,367.6651624,-228.8109736,-529.44200909,214.229461,230.4039061,1321.08303769,-770.648434000001,-338.4141991,-209.41817132,-233.5348121,483.1518197,-6092.77151860001,-62.43525211,114.6378681,360.512230620001,238.530517387,-375.506272413,233.2138042,-459.285239990001,-299.827213148,27.5255189508,36.8420957,-155.21395585,-723.8665706,235,0,0
-76.20203891,315.46103788,-236.675927,-524.21782345,249.1817718,246.8422843,1263.62214319,-813.6262387,-341.02595544,-203.52724642,-178.81617445,439.1425262,-5927.8526566,-80.6041608099999,148.7329311,392.4741842,263.976644087,-320.3182329,244.0421222,-477.1828112,-290.058004668,-2.51978527920005,65.4696932800002,-136.10893051,-726.253178270001,236,0,0
-47.2731078000001,351.19349231,-274.5221972,-626.32894046,282.5653065,218.06468316,1383.16399289,-862.8774709,-383.504547,-186.06845014,-226.2850357,495.9350515,-6463.5244736,-115.72158752,82.7174626999999,393.4595589,261.679773507,-391.5386974,255.9820025,-530.873993099999,-297.685997412,-29.9852071691999,2.20840347999997,-148.8007706,-766.16253647,237,0,0.75
-51.54362087,278.7916375,-206.8055546,-472.64482887,203.8167754,184.2624901,1035.21154989,-727.461056,-299.5259293,-165.86633102,-181.98851515,383.8824618,-4901.4170751,-64.25845423,81.8929823999999,295.68587,205.613804347,-291.451268800001,245.3489339,-392.1406854,-230.444521012,-18.4954519092,-7.94558492,-110.54378,-616.1550147,238,0.75,0.75
-46.25566367,348.616974299999,-240.078149,-543.122295499999,236.2227381,225.2222112,1221.54593078,-809.9939939,-363.2529043,-173.48792022,-205.1870337,407.843168100001,-5824.6165406,-64.7233675299999,127.5598872,371.04027,226.789743687,-347.6411989,220.2907414,-476.7210458,-294.114913512,-71.2695996591997,41.0264807000002,-128.6151429,-685.2698548,239,0.75,0.75
-56.31220084,361.6213837,-210.0910993,-505.928864100001,217.4032767,183.4395511,1159.94614199,-732.5254752,-314.6577622,-176.90563782,-181.89654515,395.1079144,-5560.0728286,-101.15805523,95.007278,335.1889171,219.926208387,-344.3526688,226.1409878,-437.5573272,-238.110648512,-51.1646276591998,45.8303817600001,-139.780209,-633.84980737,240,0.75,1
-46.0183528100001,339.74178698,-212.9182667,-525.031305280001,212.693172,182.6784569,1082.31744209,-637.0346228,-347.9315897,-164.09800102,-201.0329992,352.2044236,-5528.6195716,-91.7793135300001,53.9683019,321.4082161,226.761231287,-319.455542300001,205.2493831,-400.77796909,-207.226015512,-74.4875843683999,84.7261428800001,-163.1692126,-638.7716142,241,1,1
-26.7790756699999,325.2075798,-206.9805529,-476.8295668,207.4029261,169.4361932,1099.69498989,-645.6466429,-333.2320551,-156.05753652,-154.06544635,380.0847448,-5227.5479956,-80.6155247399999,74.0600258,295.5778809,209.606901887,-327.4448446,209.0458528,-393.671587880001,-237.466764948,2.37950436080008,37.72703146,-124.0664083,-625.49439924,242,1,1.5
-39.08131917,340.8960617,-187.5140619,-469.0877105,202.1834322,143.3958402,1072.45437889,-662.6743907,-297.4868247,-165.98541632,-165.5039469,399.5221019,-5059.3528696,-63.59096995,85.0707385,284.015941,186.766954987,-320.7982691,211.9694474,-392.9068514,-247.914353748,-10.4425015692,13.42366516,-121.6045911,-601.29263867,243,1.5,1.5
-41.2190452399999,344.3492713,-180.5106097,-483.1529785,209.4600869,156.3562465,1201.65848799,-716.2838952,-379.33076338,-190.81934912,-187.2918928,423.0927772,-5556.1094976,-68.3925853399998,92.4510722,346.3422299,192.054851587,-350.3086773,233.1871857,-448.1304429,-262.600623648,-5.29677263919996,27.44139242,-157.7821793,-686.17956774,244,1.5,1.5
-29.00309014,492.369325699999,-276.3356008,-614.49393597,288.5832602,211.177246,1497.24438169,-832.7905261,-439.659899180001,-227.28889182,-204.8078267,471.010571400001,-7225.98578730001,-85.5615418399999,112.0730219,435.8325123,237.708254687,-472.487773640001,253.7795325,-566.9709881,-345.275329512,-91.7507326684001,45.9928922999999,-225.0024925,-874.54251361,245,1.5,1
-8.75219838999972,492.51637151,-259.896119246,-565.93017144,236.3498468,178.38319776,1308.46075219,-777.8246221,-388.0174811,-170.15336702,-182.81105732,451.2069024,-6344.234569,-85.92868604,75.2070634999999,368.7842778,224.636790294,-398.3926287,244.0184477,-504.8116083,-291.815825684,-81.0360863392001,-1.28967578000009,-194.8420649,-742.94844731,246,1,1
-4.40608047999976,504.53201861,-259.97292218,-590.465607940001,276.5679442,208.56195466,1448.58050179,-866.635640100001,-453.959393870001,-186.49163512,-223.68220842,523.0583699,-6897.31352100001,-101.50798292,75.0886111999998,449.658931700001,255.381355814,-443.600682200001,217.8853298,-557.9760598,-309.117949968,-52.4702061092002,55.7747750400001,-181.77082211,-839.17520488,247,1,0.5
31.1680501800001,539.24952801,-294.47123108,-725.91673426,351.9660621,229.34251326,1657.21860719,-1032.8469133,-524.163521540001,-211.22668602,-258.82762914,559.070998270001,-8064.79887600001,-108.35209052,110.9307633,498.2977894,340.739687994,-477.8579599,316.0890736,-631.1673459,-338.900838948,-75.9874340392002,-8.77492146000017,-248.7003117,-950.11515304,248,0.5,0.5
54.2387966499999,543.397295971999,-300.73381238,-772.502311850001,334.2059444,238.36139702,1713.08354129,-1052.1225769,-531.973435010001,-206.42405322,-251.85528037,600.7222427,-8314.76272,-110.98330915,101.7872441,483.552303,357.557558361,-516.2414248,254.7687613,-647.6644653,-392.159250148,-54.5732416192003,26.11247474,-213.76063468,-979.25446787,249,0.5,0
22.4996834900001,498.606476229999,-270.68924558,-657.699080670001,274.6928911,162.7809304,1498.37716449,-968.1011643,-474.554038440001,-256.53153794,-239.77020082,546.739301800001,-7318.2669674,-64.5936659500001,76.7767504,435.1959241,312.339004414,-445.503991000001,292.708119,-581.0315234,-320.289688484,-39.9755840392002,42.0530785600001,-180.5525091,-903.547801200001,250,0,0
41.7358495900001,594.088065751999,-296.43535698,-750.635316959999,325.3395695,234.6695492,1773.95335119,-1096.6815407,-554.073810210002,-235.97759584,-345.26222594,645.2444478,-8332.74484600001,-77.9777928299997,123.4230787,510.8747186,373.016481514,-543.7526601,271.4601636,-691.78995589,-398.242072616,-51.9958390092001,29.8659359399999,-147.35647268,-992.7303508,251,0,0
50.7939097200001,712.886950942,-451.37200248,-896.53091706,420.873444,308.185085,2103.42630989,-1376.9703521,-678.865222970001,-250.22599612,-371.59463024,802.5462366,-10063.291313,-166.4900974,152.3494211,581.89066191,440.104820954001,-654.1312193,414.984338,-842.63789149,-445.872775192,-16.7957423884004,-13.37916168,-263.31413638,-1254.4378003,252,0,0
23.454265806,686.241030732,-470.75476948,-954.205296111899,425.0158973,324.57508881,2178.21295209,-1268.9780259,-687.4408042,-252.47517852,-346.35684558,690.050727900001,-10553.585072,-141.25167762,85.5223260999999,573.911492980001,384.966978587,-689.490877413002,370.967841,-833.3848401,-443.809432328,-55.5447518884002,-40.5005918800002,-302.21419698,-1242.87025717,253,0,0
30.9281806960001,641.339158641999,-418.48548438,-880.262591761899,356.80474103,294.68238851,2010.20254219,-1163.6180157,-632.9499816,-215.40571302,-306.69979454,622.8481761,-9744.29862200001,-152.51782643,90.0992833,513.6959805,388.910924487,-659.406114513,348.196728,-784.824766,-438.927526916,-35.3905606484,8.92860801999986,-266.55750618,-1137.52078694,254,0,0
33.0657805499999,585.971678741999,-346.04327048,-866.41814445,400.476267300001,345.056713199999,2017.49343719,-1071.9429591,-643.0951017,-239.32665302,-273.17036132,579.6189582,-9468.71935400002,-223.39255871,97.4713073999999,501.9779647,375.316297247,-650.204589600001,270.3633423,-721.8216407,-412.179644192,-64.5638998792,19.2559179999999,-230.20382398,-1073.87820564,255,0,0
43.8876636,699.4900073,-531.17152476,-1012.08327987,499.369097599999,407.165134430001,2286.50170319,-1366.8653019,-743.524112580002,-328.32268712,-325.94242758,730.9097106,-11045.9190024,-183.97107864,73.3107169700002,620.440425300001,412.407810794,-809.6169083,398.3658135,-855.390738930001,-520.498023748,-40.6759078192002,9.83791110000005,-304.689426,-1318.9362898,256,0,-0.5
27.7856454600002,618.930398352,-505.48070916,-1009.24517109,458.39370836,393.711421120001,2121.45488529,-1270.1764349,-694.784143000002,-316.19039302,-322.88721058,664.1916956,-10548.4145551,-243.76891444,74.85431527,593.59725728,416.742351387,-712.244453013001,414.4580427,-799.9006078,-468.38713498,-29.7366533392003,26.3321487799998,-304.06980838,-1238.29711217,257,-0.5,-0.5
18.2845135600001,603.427327521999,-464.66828236,-868.96378803,367.336693500001,345.5138358,2050.33478529,-1208.9585584,-690.367454530001,-315.98569402,-321.8889426,651.4585785,-9816.32777999999,-218.99246351,95.5763257699999,555.4232641,359.669511207,-722.830818913,374.4448069,-740.172611930001,-401.667759652001,1.80883929080018,7.92168105999972,-260.93894668,-1162.0548991,258,-0.5,-0.5
41.7675697199998,533.898201702,-400.43103966,-746.55679364,329.7364733,283.952994099999,1617.9235873,-998.6144749,-585.37582866,-298.09394042,-269.3997409,552.8606121,-8057.5630616,-166.10925889,52.1191836999999,447.842936,255.243716587,-551.801359013,379.8869488,-622.9262458,-316.159869464,-16.5883607792,-0.980809139999992,-222.31198877,-987.886774600001,259,-0.5,-0.5
48.5817711199999,530.210825301999,-412.34459966,-769.41503538,368.441091600001,310.4985511,1732.1907653,-1085.0698765,-660.24106703,-318.41571992,-284.80247398,594.25329237,-8485.03491959999,-176.07308426,43.2634386,527.4528107,306.881301587,-582.133108913,402.8163281,-648.205010739999,-328.15942544,-9.28853394920015,28.4613638999999,-219.70959198,-1062.5909204,260,-0.5,-0.5
33.69981946,689.677952131999,-599.27626006,-983.14332665,498.2196108,397.674791,2248.2320745,-1437.6660609,-829.742626600001,-384.58709992,-338.11242678,731.66869057,-10942.9107339,-164.21142203,154.2889074,720.828657639999,449.041165047,-700.299588583001,501.9880511,-830.96512558,-427.049429596,-71.6027132091996,34.9656672800004,-296.83649947,-1385.1947376,261,-0.5,-0.5
50.6909313300001,505.427382251999,-490.087953580001,-848.825485559998,448.68037006,387.6635038,1985.4652061,-1280.9767233,-716.11382197,-283.01780022,-307.8709071,585.9252911,-9266.92041229999,-201.1147085,84.3974803999999,578.7586863,370.784246667,-618.564625013,420.5522518,-732.722848429999,-384.251613015999,9.49155649079997,-13.89950408,-265.11891056,-1132.88477824,262,-0.5,-0.25
